{
    "out_channels": 126,
    "kernel_size": 4,
    "cnn_out_channels": 89,
    "gat1_out_channels": 94,
    "gat2_out_channels": 24,
    "edge_hidden_dim": 8,
    "num_heads": 1,
    "lr": 0.0006581837189085458,
    "weight_decay": 0.0003605679508277977,
    "step_size": 30,
    "gamma": 0.14580983308940437
}