{
    "out_channels": 62,
    "kernel_size": 5,
    "cnn_out_channels": 76,
    "gat1_out_channels": 120,
    "gat2_out_channels": 12,
    "edge_hidden_dim": 19,
    "num_heads": 5,
    "lr": 0.002111590068325536,
    "weight_decay": 0.00027952687170153826,
    "step_size": 25,
    "gamma": 0.7521202341108284
}